chrom	start	end	name	gie_stain
chr1	0	10704345	p13	gneg
chr1	10704345	25618263	p12	gvar
chr1	25618263	40652454	p11	gneg
chr1	40652454	51356799	q11	gpos
chr1	51356799	73607402	q12	gneg
chr1	73607402	95016091	q21	gpos
chr1	95016091	130617056	q22	gneg
chr1	130617056	149018906	q31	gpos
chr1	149018906	171269510	q32	gneg
chr1	171269510	179929204	q33	gpos
chr1	179929204	184138778	q34	gneg
chr1	184138778	189791634	q35	gpos
chr1	189791634	198331054	q36	gneg
chr1	198331054	201337893	q37	gpos
chr1	201337893	216251810	q41	gneg
chr1	216251810	218897828	q42	gpos
chr1	218897828	235615849	q43	gneg
chr1	235615849	244155270	q51	gpos
chr1	244155270	252694691	q52	gneg
chr1	252694691	259189461	q53	gpos
chr1	259189461	267728882	q54	gneg
chr1	267728882	282763074	q55	gvar
chr10	0	6362541	q11	gpos
chr10	6362541	26684687	q12	gneg
chr10	26684687	35421310	q21	gpos
chr10	35421310	48336319	q22	gneg
chr10	48336319	50710401	q23	gpos
chr10	50710401	64859932	q24	gneg
chr10	64859932	67613868	q25	gpos
chr10	67613868	84517335	q26	gneg
chr10	84517335	89550389	q31	gpos
chr10	89550389	105504223	q32.1	gneg
chr10	105504223	107213563	q32.2	gpos
chr10	107213563	112626471	q32.3	gneg
chr10_AABR07050850v1_random	0	548		gneg
chr10_AABR07050887v1_random	0	1962		gneg
chr10_AABR07050894v1_random	0	590		gneg
chr10_KL568008v1_random	0	2704		gneg
chr10_KL568009v1_random	0	27282		gneg
chr10_KL568010v1_random	0	28524		gneg
chr10_KL568011v1_random	0	24114		gneg
chr10_KL568012v1_random	0	22748		gneg
chr10_KL568013v1_random	0	5986		gneg
chr10_KL568014v1_random	0	8466		gneg
chr10_KL568015v1_random	0	15525		gneg
chr10_KL568016v1_random	0	26063		gneg
chr10_KL568017v1_random	0	16434		gneg
chr10_KL568018v1_random	0	29483		gneg
chr11	0	6862108	p12	gneg
chr11	6862108	15463905	p11	gpos
chr11	15463905	37789917	q11	gpos
chr11	37789917	49871093	q12	gneg
chr11	49871093	66978037	q21	gpos
chr11	66978037	79059213	q22	gneg
chr11	79059213	90463843	q23	gvar
chr11_AABR07050811v1_random	0	917		gneg
chr11_AABR07050815v1_random	0	1204		gneg
chr11_AABR07050825v1_random	0	1274		gneg
chr11_KL568019v1_random	0	48508		gneg
chr11_KL568020v1_random	0	24193		gneg
chr11_KL568021v1_random	0	24537		gneg
chr11_KL568022v1_random	0	7520		gneg
chr11_KL568023v1_random	0	1603		gneg
chr11_KL568024v1_random	0	28231		gneg
chr11_KL568025v1_random	0	19565		gneg
chr11_KL568026v1_random	0	15784		gneg
chr11_KL568027v1_random	0	2724		gneg
chr11_KL568028v1_random	0	8337		gneg
chr11_KL568029v1_random	0	35203		gneg
chr11_KL568030v1_random	0	11773		gneg
chr11_KL568031v1_random	0	8183		gneg
chr12	0	6179255	p12	gvar
chr12	6179255	14160793	p11	gneg
chr12	14160793	21048088	q11	gvar
chr12	21048088	30252603	q12	gneg
chr12	30252603	32054886	q13	gpos
chr12	32054886	36624960	q14	gneg
chr12	36624960	38234141	q15	gpos
chr12	38234141	52716770	q16	gneg
chr12_AABR07051059v1_random	0	4594		gneg
chr12_AABR07051089v1_random	0	580		gneg
chr12_AABR07051090v1_random	0	3027		gneg
chr12_KL568032v1_random	0	10672		gneg
chr12_KL568033v1_random	0	14885		gneg
chr12_KL568034v1_random	0	3214		gneg
chr12_KL568035v1_random	0	7095		gneg
chr12_KL568036v1_random	0	18420		gneg
chr12_KL568037v1_random	0	6770		gneg
chr12_KL568038v1_random	0	17009		gneg
chr12_KL568039v1_random	0	17744		gneg
chr12_KL568040v1_random	0	11557		gneg
chr13	0	17850620	p13	gvar
chr13	17850620	23520817	p12	gneg
chr13	23520817	30976075	p11	gpos
chr13	30976075	41056425	q11	gneg
chr13	41056425	44101531	q12	gpos
chr13	44101531	57121983	q13	gneg
chr13	57121983	73607555	q21	gpos
chr13	73607555	82217853	q22	gneg
chr13	82217853	85157955	q23	gpos
chr13	85157955	93453243	q24	gneg
chr13	93453243	96393345	q25	gpos
chr13	96393345	108363761	q26	gneg
chr13	108363761	114033958	q27	gpos
chr13_AABR07050784v1_random	0	3876		gneg
chr13_KL568041v1_random	0	22880		gneg
chr13_KL568042v1_random	0	22393		gneg
chr13_KL568043v1_random	0	4810		gneg
chr13_KL568044v1_random	0	21067		gneg
chr13_KL568045v1_random	0	40838		gneg
chr13_KL568046v1_random	0	23864		gneg
chr13_KL568047v1_random	0	4212		gneg
chr13_KL568048v1_random	0	17062		gneg
chr13_KL568049v1_random	0	19070		gneg
chr13_KL568050v1_random	0	2905		gneg
chr13_KL568051v1_random	0	60838		gneg
chr14	0	21767292	p22	gneg
chr14	21767292	32333938	p21	gpos
chr14	32333938	50719903	p11	gneg
chr14	50719903	70690865	q11	gpos
chr14	70690865	97741480	q21	gneg
chr14	97741480	115493446	q22	gvar
chr14_KL568052v1_random	0	23128		gneg
chr14_KL568053v1_random	0	33884		gneg
chr14_KL568054v1_random	0	31451		gneg
chr14_KL568055v1_random	0	6984		gneg
chr14_KL568056v1_random	0	2940		gneg
chr14_KL568057v1_random	0	35355		gneg
chr14_KL568058v1_random	0	16413		gneg
chr14_KL568059v1_random	0	27955		gneg
chr14_KL568060v1_random	0	3352		gneg
chr14_KL568061v1_random	0	4767		gneg
chr15	0	14694954	p16	gneg
chr15	14694954	17416241	p15	gpos
chr15	17416241	32111194	p14	gneg
chr15	32111194	34832482	p13	gpos
chr15	34832482	48438920	p12	gneg
chr15	48438920	54970010	p11	gpos
chr15	54970010	61174546	q11	gpos
chr15	61174546	72821657	q12	gneg
chr15	72821657	87952016	q21	gpos
chr15	87952016	92959186	q22	gneg
chr15	92959186	100687643	q23	gpos
chr15	100687643	107654139	q24	gneg
chr15	107654139	111246239	q25	gpos
chr15_AABR07046563v1_random	0	1113		gneg
chr15_KL568062v1_random	0	5881		gneg
chr15_KL568063v1_random	0	15622		gneg
chr15_KL568064v1_random	0	39113		gneg
chr15_KL568065v1_random	0	2068		gneg
chr15_KL568066v1_random	0	16414		gneg
chr15_KL568067v1_random	0	76800		gneg
chr15_KL568068v1_random	0	28441		gneg
chr15_KL568069v1_random	0	3057		gneg
chr15_KL568070v1_random	0	13105		gneg
chr15_KL568071v1_random	0	5890		gneg
chr15_KL568072v1_random	0	27900		gneg
chr15_KL568073v1_random	0	13013		gneg
chr15_KL568074v1_random	0	11065		gneg
chr16	0	10293819	p16	gneg
chr16	10293819	12165423	p15	gpos
chr16	12165423	25162669	p14	gneg
chr16	25162669	29529744	p13	gpos
chr16	29529744	35144554	p12	gneg
chr16	35144554	42526990	p11	gpos
chr16	42526990	51781029	q11	gpos
chr16	51781029	59163465	q12.1	gneg
chr16	59163465	62074848	q12.2	gpos
chr16	62074848	69561262	q12.3	gneg
chr16	69561262	72160711	q12.4	gpos
chr16	72160711	90668790	q12.5	gneg
chr16_AABR07050959v1_random	0	2278		gneg
chr16_AABR07050985v1_random	0	742		gneg
chr16_AABR07050986v1_random	0	3473		gneg
chr16_AABR07050989v1_random	0	2001		gneg
chr16_KL568075v1_random	0	15415		gneg
chr16_KL568076v1_random	0	33299		gneg
chr16_KL568077v1_random	0	9129		gneg
chr16_KL568078v1_random	0	25637		gneg
chr16_KL568079v1_random	0	45872		gneg
chr16_KL568080v1_random	0	49795		gneg
chr16_KL568081v1_random	0	17953		gneg
chr16_KL568082v1_random	0	2971		gneg
chr17	0	21435049	p14	gneg
chr17	21435049	23578554	p13	gpos
chr17	23578554	39910020	p12	gneg
chr17	39910020	45421890	p11	gpos
chr17	45421890	50831688	q11	gpos
chr17	50831688	68285941	q12.1	gneg
chr17	68285941	70837733	q12.2	gpos
chr17	70837733	90843779	q12.3	gneg
chr17_AABR07050910v1_random	0	3308		gneg
chr17_AABR07050911v1_random	0	2566		gneg
chr17_AABR07050912v1_random	0	743		gneg
chr17_AABR07050916v1_random	0	825		gneg
chr17_KL568083v1_random	0	2923		gneg
chr17_KL568084v1_random	0	15805		gneg
chr17_KL568085v1_random	0	31300		gneg
chr17_KL568086v1_random	0	7522		gneg
chr17_KL568087v1_random	0	20486		gneg
chr17_KL568088v1_random	0	23848		gneg
chr17_KL568089v1_random	0	17431		gneg
chr17_KL568090v1_random	0	4623		gneg
chr17_KL568091v1_random	0	9189		gneg
chr17_KL568092v1_random	0	33190		gneg
chr18	0	10718209	p13	gpos
chr18	10718209	27800355	p12	gneg
chr18	27800355	37737028	p11	gpos
chr18	37737028	51581381	q11	gpos
chr18	51581381	68328583	q12.1	gneg
chr18	68328583	72236263	q12.2	gpos
chr18	72236263	83736008	q12.3	gneg
chr18	83736008	88201929	q13	gpos
chr18_AABR07051098v1_random	0	572		gneg
chr18_AABR07051099v1_random	0	1185		gneg
chr18_AABR07051126v1_random	0	2299		gneg
chr18_KL568093v1_random	0	12008		gneg
chr18_KL568094v1_random	0	3318		gneg
chr18_KL568095v1_random	0	7639		gneg
chr18_KL568096v1_random	0	45622		gneg
chr18_KL568097v1_random	0	57850		gneg
chr18_KL568098v1_random	0	4827		gneg
chr18_KL568099v1_random	0	12402		gneg
chr19	0	4269865	p14	gpos
chr19	4269865	11117761	p13	gneg
chr19	11117761	12890158	p12	gpos
chr19	12890158	23524538	p11	gneg
chr19	23524538	37300894	q11	gpos
chr19	37300894	62275575	q12	gneg
chr19_KL568100v1_random	0	24817		gneg
chr19_KL568101v1_random	0	59862		gneg
chr19_KL568102v1_random	0	53245		gneg
chr1_AABR07046142v1_random	0	4043		gneg
chr1_AABR07046150v1_random	0	1041		gneg
chr1_AABR07046158v1_random	0	3018		gneg
chr1_AABR07046159v1_random	0	3224		gneg
chr1_AABR07046182v1_random	0	659		gneg
chr1_AABR07046186v1_random	0	881		gneg
chr1_AABR07046187v1_random	0	2999		gneg
chr1_AABR07046211v1_random	0	1042		gneg
chr1_AABR07046212v1_random	0	3264		gneg
chr1_AABR07046222v1_random	0	2978		gneg
chr1_AABR07046230v1_random	0	6554		gneg
chr1_AABR07046231v1_random	0	31509		gneg
chr1_KL567879v1_random	0	4483		gneg
chr1_KL567880v1_random	0	16921		gneg
chr1_KL567881v1_random	0	28452		gneg
chr1_KL567882v1_random	0	28706		gneg
chr1_KL567883v1_random	0	3546		gneg
chr1_KL567884v1_random	0	19577		gneg
chr1_KL567885v1_random	0	6757		gneg
chr1_KL567886v1_random	0	16175		gneg
chr1_KL567887v1_random	0	5668		gneg
chr1_KL567888v1_random	0	5884		gneg
chr1_KL567889v1_random	0	24468		gneg
chr1_KL567890v1_random	0	2119		gneg
chr1_KL567891v1_random	0	53404		gneg
chr1_KL567892v1_random	0	34086		gneg
chr1_KL567893v1_random	0	30950		gneg
chr1_KL567894v1_random	0	30438		gneg
chr1_KL567895v1_random	0	26645		gneg
chr2	0	16392456	q11	gpos
chr2	16392456	35670907	q12	gneg
chr2	35670907	38210584	q13	gpos
chr2	38210584	49292807	q14	gneg
chr2	49292807	52525122	q15	gpos
chr2	52525122	65685263	q16	gneg
chr2	65685263	75151329	q21	gpos
chr2	75151329	87503390	q22	gneg
chr2	87503390	100663531	q23	gpos
chr2	100663531	121211820	q24	gneg
chr2	121211820	130677886	q25	gpos
chr2	130677886	150071777	q26	gneg
chr2	150071777	164386316	q31	gpos
chr2	164386316	176738378	q32	gneg
chr2	176738378	180086133	q33	gpos
chr2	180086133	211716646	q34	gneg
chr2	211716646	226031185	q41	gpos
chr2	226031185	234342852	q42	gneg
chr2	234342852	242539080	q43	gpos
chr2	242539080	254083063	q44	gneg
chr2	254083063	266435125	q45	gvar
chr20	0	16230015	p12	gneg
chr20	16230015	27122642	p11	gpos
chr20	27122642	38668826	q11	gneg
chr20	38668826	46511518	q12	gpos
chr20	46511518	56205956	q13	gneg
chr20_AABR07055056v1_random	0	2941		gneg
chr20_AABR07055065v1_random	0	1347		gneg
chr20_KL568103v1_random	0	4554		gneg
chr20_KL568104v1_random	0	16888		gneg
chr20_KL568105v1_random	0	2619		gneg
chr20_KL568106v1_random	0	5546		gneg
chr20_KL568107v1_random	0	4592		gneg
chr20_KL568108v1_random	0	44883		gneg
chr20_KL568109v1_random	0	29266		gneg
chr20_KL568110v1_random	0	8294		gneg
chr2_AABR07045875v1_random	0	515		gneg
chr2_AABR07045975v1_random	0	4223		gneg
chr2_AABR07046014v1_random	0	955		gneg
chr2_KL567896v1_random	0	8590		gneg
chr2_KL567897v1_random	0	4528		gneg
chr2_KL567898v1_random	0	34630		gneg
chr2_KL567899v1_random	0	11090		gneg
chr2_KL567900v1_random	0	14052		gneg
chr2_KL567901v1_random	0	46970		gneg
chr2_KL567902v1_random	0	33155		gneg
chr2_KL567903v1_random	0	32912		gneg
chr2_KL567904v1_random	0	11839		gneg
chr2_KL567905v1_random	0	3364		gneg
chr2_KL567906v1_random	0	31912		gneg
chr2_KL567907v1_random	0	53909		gneg
chr2_KL567908v1_random	0	61811		gneg
chr2_KL567909v1_random	0	11554		gneg
chr2_KL567910v1_random	0	22191		gneg
chr2_KL567911v1_random	0	23371		gneg
chr2_KL567912v1_random	0	8936		gneg
chr2_KL567913v1_random	0	34458		gneg
chr2_KL567914v1_random	0	57161		gneg
chr2_KL567915v1_random	0	19935		gneg
chr3	0	5510884	p13	gvar
chr3	5510884	11437683	p12	gneg
chr3	11437683	16948566	p11	gpos
chr3	16948566	22147513	q11	gpos
chr3	22147513	40655762	q12	gneg
chr3	40655762	56252602	q21	gpos
chr3	56252602	58020243	q22	gneg
chr3	58020243	62907253	q23	gpos
chr3	62907253	81415503	q24	gneg
chr3	81415503	91709417	q31	gpos
chr3	91709417	94724806	q32	gneg
chr3	94724806	99923752	q33	gpos
chr3	99923752	103563015	q34	gneg
chr3	103563015	116560381	q35	gpos
chr3	116560381	133197010	q36	gneg
chr3	133197010	150977407	q41	gpos
chr3	150977407	172085129	q42	gneg
chr3	172085129	177699992	q43	gvar
chr3_AABR07046243v1_random	0	1049		gneg
chr3_AABR07046248v1_random	0	619		gneg
chr3_AABR07046249v1_random	0	1163		gneg
chr3_AABR07046267v1_random	0	1821		gneg
chr3_AABR07046283v1_random	0	567		gneg
chr3_AABR07046296v1_random	0	2362		gneg
chr3_AABR07046319v1_random	0	2826		gneg
chr3_KL567916v1_random	0	18861		gneg
chr3_KL567917v1_random	0	33261		gneg
chr3_KL567918v1_random	0	5278		gneg
chr3_KL567919v1_random	0	100126		gneg
chr3_KL567920v1_random	0	17963		gneg
chr3_KL567921v1_random	0	15352		gneg
chr3_KL567922v1_random	0	5545		gneg
chr3_KL567923v1_random	0	9678		gneg
chr3_KL567924v1_random	0	25463		gneg
chr3_KL567925v1_random	0	1808		gneg
chr3_KL567926v1_random	0	59501		gneg
chr3_KL567927v1_random	0	13550		gneg
chr3_KL567928v1_random	0	4407		gneg
chr3_KL567929v1_random	0	2912		gneg
chr3_KL567930v1_random	0	5384		gneg
chr3_KL567931v1_random	0	18329		gneg
chr3_KL567932v1_random	0	8306		gneg
chr4	0	15370236	q11	gneg
chr4	15370236	25003693	q12	gpos
chr4	25003693	31498158	q13	gneg
chr4	31498158	45461259	q21	gpos
chr4	45461259	68516612	q22	gneg
chr4	68516612	71222639	q23	gpos
chr4	71222639	91247241	q24	gneg
chr4	91247241	101313662	q31	gpos
chr4	101313662	102829038	q32	gneg
chr4	102829038	110514155	q33	gpos
chr4	110514155	134868401	q34	gneg
chr4	134868401	144501858	q41	gpos
chr4	144501858	167557210	q42	gneg
chr4	167557210	171453890	q43	gpos
chr4	171453890	184226339	q44	gneg
chr4_AABR07046405v1_random	0	682		gneg
chr4_KL567933v1_random	0	27386		gneg
chr4_KL567934v1_random	0	6638		gneg
chr4_KL567935v1_random	0	14953		gneg
chr4_KL567936v1_random	0	14424		gneg
chr4_KL567937v1_random	0	28091		gneg
chr4_KL567938v1_random	0	21336		gneg
chr4_KL567939v1_random	0	227955		gneg
chr4_KL567940v1_random	0	77814		gneg
chr4_KL567941v1_random	0	54041		gneg
chr4_KL567942v1_random	0	8128		gneg
chr4_KL567943v1_random	0	20550		gneg
chr4_KL567944v1_random	0	25173		gneg
chr4_KL567945v1_random	0	16464		gneg
chr4_KL567946v1_random	0	66194		gneg
chr4_KL567947v1_random	0	56466		gneg
chr5	0	12335568	q11	gneg
chr5	12335568	20297616	q12	gpos
chr5	20297616	34651731	q13	gneg
chr5	34651731	51809384	q21	gpos
chr5	51809384	67060631	q22	gneg
chr5	67060631	69864169	q23	gpos
chr5	69864169	85788265	q24	gneg
chr5	85788265	104964465	q31	gpos
chr5	104964465	112590089	q32	gneg
chr5	112590089	123692100	q33	gpos
chr5	123692100	128962751	q34	gneg
chr5	128962751	135691242	q35	gpos
chr5	135691242	173707219	q36	gneg
chr5_AABR07046433v1_random	0	2834		gneg
chr5_AABR07046507v1_random	0	1207		gneg
chr5_KL567948v1_random	0	3195		gneg
chr5_KL567949v1_random	0	4694		gneg
chr5_KL567950v1_random	0	6510		gneg
chr5_KL567951v1_random	0	40651		gneg
chr5_KL567952v1_random	0	12293		gneg
chr5_KL567953v1_random	0	17865		gneg
chr5_KL567954v1_random	0	33929		gneg
chr5_KL567955v1_random	0	2942		gneg
chr5_KL567956v1_random	0	667		gneg
chr5_KL567957v1_random	0	32762		gneg
chr5_KL567958v1_random	0	27327		gneg
chr5_KL567959v1_random	0	147722		gneg
chr5_KL567960v1_random	0	4527		gneg
chr5_KL567961v1_random	0	10282		gneg
chr5_KL567962v1_random	0	6046		gneg
chr5_KL567963v1_random	0	11717		gneg
chr5_KL567964v1_random	0	6173		gneg
chr6	0	3929968	q11	gpos
chr6	3929968	21109543	q12	gneg
chr6	21109543	25151796	q13	gpos
chr6	25151796	36717130	q14	gneg
chr6	36717130	40759383	q15	gpos
chr6	40759383	55917831	q16	gneg
chr6	55917831	67932304	q21	gpos
chr6	67932304	72311412	q22	gneg
chr6	72311412	83989031	q23	gpos
chr6	83989031	107905693	q24	gneg
chr6	107905693	119920167	q31	gpos
chr6	119920167	139906861	q32	gneg
chr6	139906861	147991367	q33	gpos
chr6_AABR07055042v1_random	0	1118		gneg
chr6_KL567965v1_random	0	26164		gneg
chr6_KL567966v1_random	0	11408		gneg
chr6_KL567967v1_random	0	13829		gneg
chr6_KL567968v1_random	0	14678		gneg
chr6_KL567969v1_random	0	4340		gneg
chr6_KL567970v1_random	0	16625		gneg
chr6_KL567971v1_random	0	14904		gneg
chr6_KL567972v1_random	0	25590		gneg
chr6_KL567973v1_random	0	15169		gneg
chr6_KL567974v1_random	0	16318		gneg
chr7	0	15564443	q11	gneg
chr7	15564443	18446747	q12	gpos
chr7	18446747	41851058	q13	gneg
chr7	41851058	53264982	q21	gpos
chr7	53264982	77937506	q22	gneg
chr7	77937506	93501949	q31	gpos
chr7	93501949	96384253	q32	gneg
chr7	96384253	106645256	q33	gpos
chr7	106645256	131317780	q34	gneg
chr7	131317780	138696479	q35	gpos
chr7	138696479	145729302	q36	gneg
chr7_AABR07046019v1_random	0	523		gneg
chr7_AABR07046034v1_random	0	530		gneg
chr7_AABR07046136v1_random	0	16358		gneg
chr7_AABR07046137v1_random	0	1393		gneg
chr7_KL567975v1_random	0	26321		gneg
chr7_KL567976v1_random	0	24724		gneg
chr7_KL567977v1_random	0	11537		gneg
chr7_KL567978v1_random	0	3931		gneg
chr7_KL567979v1_random	0	569		gneg
chr7_KL567980v1_random	0	14205		gneg
chr7_KL567981v1_random	0	38234		gneg
chr7_KL567982v1_random	0	15070		gneg
chr7_KL567983v1_random	0	13399		gneg
chr7_KL567984v1_random	0	39602		gneg
chr7_KL567985v1_random	0	4799		gneg
chr7_KL567986v1_random	0	25064		gneg
chr7_KL567987v1_random	0	14346		gneg
chr7_KL567988v1_random	0	36409		gneg
chr7_KL567989v1_random	0	1608		gneg
chr7_KL567990v1_random	0	2196		gneg
chr7_KL567991v1_random	0	1075		gneg
chr7_KL567992v1_random	0	2204		gneg
chr7_KL567993v1_random	0	26319		gneg
chr7_KL567994v1_random	0	69252		gneg
chr8	0	12266910	q11	gneg
chr8	12266910	17369076	q12	gpos
chr8	17369076	32784130	q13	gneg
chr8	32784130	41685781	q21	gpos
chr8	41685781	50587432	q22	gneg
chr8	50587432	56015268	q23	gpos
chr8	56015268	84999912	q24	gneg
chr8	84999912	110076514	q31	gpos
chr8	110076514	133307652	q32	gneg
chr8_AABR07050661v1_random	0	586		gneg
chr8_AABR07050689v1_random	0	760		gneg
chr8_AABR07050727v1_random	0	2164		gneg
chr8_KL567995v1_random	0	18840		gneg
chr8_KL567996v1_random	0	2893		gneg
chr8_KL567997v1_random	0	36789		gneg
chr8_KL567998v1_random	0	11262		gneg
chr8_KL567999v1_random	0	17960		gneg
chr8_KL568000v1_random	0	3475		gneg
chr8_KL568001v1_random	0	95634		gneg
chr8_KL568002v1_random	0	23102		gneg
chr9	0	7809034	q11	gneg
chr9	7809034	18361782	q12	gpos
chr9	18361782	30391915	q13	gneg
chr9	30391915	45060235	q21	gpos
chr9	45060235	56351676	q22	gneg
chr9	56351676	66798896	q31	gpos
chr9	66798896	75452150	q32	gneg
chr9	75452150	84527513	q33	gpos
chr9	84527513	90120470	q34	gneg
chr9	90120470	96874228	q35	gpos
chr9	96874228	108904361	q36	gneg
chr9	108904361	115658120	q37	gpos
chr9	115658120	122095297	q38	gneg
chr9_AABR07051154v1_random	0	520		gneg
chr9_AABR07051155v1_random	0	4212		gneg
chr9_KL568003v1_random	0	104398		gneg
chr9_KL568004v1_random	0	3829		gneg
chr9_KL568005v1_random	0	48638		gneg
chr9_KL568006v1_random	0	29490		gneg
chr9_KL568007v1_random	0	19393		gneg
chrM	0	16313		gneg
chrUn_AABR07022239v1	0	607		gneg
chrUn_AABR07022257v1	0	562		gneg
chrUn_AABR07022258v1	0	875		gneg
chrUn_AABR07022259v1	0	667		gneg
chrUn_AABR07022263v1	0	626		gneg
chrUn_AABR07022264v1	0	714		gneg
chrUn_AABR07022265v1	0	675		gneg
chrUn_AABR07022266v1	0	650		gneg
chrUn_AABR07022273v1	0	556		gneg
chrUn_AABR07022279v1	0	704		gneg
chrUn_AABR07022284v1	0	700		gneg
chrUn_AABR07022287v1	0	683		gneg
chrUn_AABR07022288v1	0	522		gneg
chrUn_AABR07022298v1	0	428		gneg
chrUn_AABR07022299v1	0	1106		gneg
chrUn_AABR07022300v1	0	584		gneg
chrUn_AABR07022301v1	0	482		gneg
chrUn_AABR07022304v1	0	714		gneg
chrUn_AABR07022333v1	0	391		gneg
chrUn_AABR07022334v1	0	815		gneg
chrUn_AABR07022335v1	0	654		gneg
chrUn_AABR07022336v1	0	723		gneg
chrUn_AABR07022337v1	0	564		gneg
chrUn_AABR07022342v1	0	785		gneg
chrUn_AABR07022350v1	0	745		gneg
chrUn_AABR07022359v1	0	723		gneg
chrUn_AABR07022367v1	0	641		gneg
chrUn_AABR07022368v1	0	552		gneg
chrUn_AABR07022378v1	0	849		gneg
chrUn_AABR07022404v1	0	754		gneg
chrUn_AABR07022405v1	0	816		gneg
chrUn_AABR07022416v1	0	691		gneg
chrUn_AABR07022425v1	0	559		gneg
chrUn_AABR07022428v1	0	605		gneg
chrUn_AABR07022431v1	0	534		gneg
chrUn_AABR07022456v1	0	351		gneg
chrUn_AABR07022478v1	0	530		gneg
chrUn_AABR07022479v1	0	503		gneg
chrUn_AABR07022504v1	0	555		gneg
chrUn_AABR07022511v1	0	3545		gneg
chrUn_AABR07022514v1	0	450		gneg
chrUn_AABR07022517v1	0	942		gneg
chrUn_AABR07022519v1	0	663		gneg
chrUn_AABR07022531v1	0	766		gneg
chrUn_AABR07022532v1	0	503		gneg
chrUn_AABR07022559v1	0	609		gneg
chrUn_AABR07022573v1	0	1063		gneg
chrUn_AABR07022594v1	0	1852		gneg
chrUn_AABR07022608v1	0	790		gneg
chrUn_AABR07022616v1	0	815		gneg
chrUn_AABR07022619v1	0	663		gneg
chrUn_AABR07022620v1	0	2057		gneg
chrUn_AABR07022621v1	0	547		gneg
chrUn_AABR07022626v1	0	804		gneg
chrUn_AABR07022627v1	0	795		gneg
chrUn_AABR07022628v1	0	535		gneg
chrUn_AABR07022629v1	0	613		gneg
chrUn_AABR07022630v1	0	2877		gneg
chrUn_AABR07022645v1	0	523		gneg
chrUn_AABR07022654v1	0	1981		gneg
chrUn_AABR07022671v1	0	563		gneg
chrUn_AABR07022672v1	0	706		gneg
chrUn_AABR07022676v1	0	690		gneg
chrUn_AABR07022684v1	0	681		gneg
chrUn_AABR07022707v1	0	3741		gneg
chrUn_AABR07022726v1	0	588		gneg
chrUn_AABR07022729v1	0	740		gneg
chrUn_AABR07022737v1	0	2840		gneg
chrUn_AABR07022738v1	0	588		gneg
chrUn_AABR07022753v1	0	529		gneg
chrUn_AABR07022759v1	0	741		gneg
chrUn_AABR07022760v1	0	658		gneg
chrUn_AABR07022783v1	0	560		gneg
chrUn_AABR07022793v1	0	493		gneg
chrUn_AABR07022802v1	0	521		gneg
chrUn_AABR07022827v1	0	619		gneg
chrUn_AABR07022828v1	0	664		gneg
chrUn_AABR07022829v1	0	549		gneg
chrUn_AABR07022830v1	0	1094		gneg
chrUn_AABR07022857v1	0	996		gneg
chrUn_AABR07022871v1	0	1098		gneg
chrUn_AABR07022880v1	0	577		gneg
chrUn_AABR07022881v1	0	642		gneg
chrUn_AABR07022884v1	0	614		gneg
chrUn_AABR07022885v1	0	265		gneg
chrUn_AABR07022905v1	0	763		gneg
chrUn_AABR07022906v1	0	453		gneg
chrUn_AABR07022907v1	0	670		gneg
chrUn_AABR07022920v1	0	515		gneg
chrUn_AABR07022921v1	0	649		gneg
chrUn_AABR07022922v1	0	567		gneg
chrUn_AABR07022923v1	0	2226		gneg
chrUn_AABR07022926v1	0	1138		gneg
chrUn_AABR07022934v1	0	743		gneg
chrUn_AABR07022944v1	0	238		gneg
chrUn_AABR07022957v1	0	575		gneg
chrUn_AABR07022973v1	0	786		gneg
chrUn_AABR07022990v1	0	622		gneg
chrUn_AABR07022993v1	0	642		gneg
chrUn_AABR07022994v1	0	526		gneg
chrUn_AABR07023014v1	0	529		gneg
chrUn_AABR07023024v1	0	748		gneg
chrUn_AABR07023031v1	0	813		gneg
chrUn_AABR07023052v1	0	1106		gneg
chrUn_AABR07023067v1	0	774		gneg
chrUn_AABR07023068v1	0	2217		gneg
chrUn_AABR07023168v1	0	2153		gneg
chrUn_AABR07023321v1	0	656		gneg
chrUn_AABR07023324v1	0	503		gneg
chrUn_AABR07023325v1	0	1839		gneg
chrUn_AABR07023445v1	0	789		gneg
chrUn_AABR07023534v1	0	647		gneg
chrUn_AABR07023560v1	0	592		gneg
chrUn_AABR07023949v1	0	515		gneg
chrUn_AABR07023967v1	0	516		gneg
chrUn_AABR07023968v1	0	1301		gneg
chrUn_AABR07023990v1	0	4561		gneg
chrUn_AABR07024005v1	0	665		gneg
chrUn_AABR07024006v1	0	657		gneg
chrUn_AABR07024007v1	0	828		gneg
chrUn_AABR07024031v1	0	62230		gneg
chrUn_AABR07024032v1	0	24546		gneg
chrUn_AABR07024039v1	0	65089		gneg
chrUn_AABR07024040v1	0	11025		gneg
chrUn_AABR07024041v1	0	31641		gneg
chrUn_AABR07024042v1	0	35846		gneg
chrUn_AABR07024043v1	0	665		gneg
chrUn_AABR07024044v1	0	21485		gneg
chrUn_AABR07024045v1	0	2041		gneg
chrUn_AABR07024046v1	0	4613		gneg
chrUn_AABR07024047v1	0	128550		gneg
chrUn_AABR07024066v1	0	44061		gneg
chrUn_AABR07024067v1	0	4328		gneg
chrUn_AABR07024071v1	0	21256		gneg
chrUn_AABR07024080v1	0	991		gneg
chrUn_AABR07024092v1	0	669		gneg
chrUn_AABR07024100v1	0	507		gneg
chrUn_AABR07024101v1	0	4996		gneg
chrUn_AABR07024102v1	0	54789		gneg
chrUn_AABR07024103v1	0	832		gneg
chrUn_AABR07024104v1	0	66549		gneg
chrUn_AABR07024105v1	0	4462		gneg
chrUn_AABR07024106v1	0	41833		gneg
chrUn_AABR07024114v1	0	836		gneg
chrUn_AABR07024115v1	0	4365		gneg
chrUn_AABR07024118v1	0	4550		gneg
chrUn_AABR07024119v1	0	12249		gneg
chrUn_AABR07024120v1	0	52816		gneg
chrUn_AABR07024121v1	0	586		gneg
chrUn_AABR07024122v1	0	18491		gneg
chrUn_AABR07024123v1	0	3961		gneg
chrUn_AABR07024124v1	0	82313		gneg
chrUn_AABR07024125v1	0	904		gneg
chrUn_AABR07024138v1	0	897		gneg
chrUn_AABR07024145v1	0	68209		gneg
chrUn_AABR07024150v1	0	10542		gneg
chrUn_AABR07024159v1	0	3318		gneg
chrUn_AABR07024160v1	0	980		gneg
chrUn_AABR07024165v1	0	2419		gneg
chrUn_AABR07024177v1	0	602		gneg
chrUn_AABR07024178v1	0	1101		gneg
chrUn_AABR07024182v1	0	920		gneg
chrUn_AABR07024187v1	0	3745		gneg
chrUn_AABR07024188v1	0	156216		gneg
chrUn_AABR07024189v1	0	659		gneg
chrUn_AABR07024192v1	0	32611		gneg
chrUn_AABR07024193v1	0	3838		gneg
chrUn_AABR07024194v1	0	559		gneg
chrUn_AABR07024195v1	0	1593		gneg
chrUn_AABR07024196v1	0	1098		gneg
chrUn_AABR07024203v1	0	96120		gneg
chrUn_AABR07024204v1	0	1554		gneg
chrUn_AABR07024205v1	0	8757		gneg
chrUn_AABR07024206v1	0	20997		gneg
chrUn_AABR07024221v1	0	1065		gneg
chrUn_AABR07024222v1	0	4316		gneg
chrUn_AABR07024223v1	0	754		gneg
chrUn_AABR07024226v1	0	550		gneg
chrUn_AABR07024227v1	0	693		gneg
chrUn_AABR07024228v1	0	3757		gneg
chrUn_AABR07024229v1	0	1833		gneg
chrUn_AABR07024262v1	0	15893		gneg
chrUn_AABR07024263v1	0	26083		gneg
chrUn_AABR07024264v1	0	11303		gneg
chrUn_AABR07024265v1	0	1285		gneg
chrUn_AABR07024266v1	0	594		gneg
chrUn_AABR07024267v1	0	3745		gneg
chrUn_AABR07024268v1	0	230		gneg
chrUn_AABR07024269v1	0	1048		gneg
chrUn_AABR07024286v1	0	18032		gneg
chrUn_AABR07024289v1	0	692		gneg
chrUn_AABR07024290v1	0	3036		gneg
chrUn_AABR07024291v1	0	140190		gneg
chrUn_AABR07024292v1	0	5784		gneg
chrUn_AABR07024293v1	0	1238		gneg
chrUn_AABR07024294v1	0	678		gneg
chrUn_AABR07024304v1	0	568		gneg
chrUn_AABR07024319v1	0	708		gneg
chrUn_AABR07024320v1	0	613		gneg
chrUn_AABR07024321v1	0	6849		gneg
chrUn_AABR07024322v1	0	992		gneg
chrUn_AABR07024323v1	0	1633		gneg
chrUn_AABR07024331v1	0	1116		gneg
chrUn_AABR07024332v1	0	1222		gneg
chrUn_AABR07024349v1	0	666		gneg
chrUn_AABR07024350v1	0	20296		gneg
chrUn_AABR07024351v1	0	628		gneg
chrUn_AABR07024371v1	0	721		gneg
chrUn_AABR07024374v1	0	1080		gneg
chrUn_AABR07024382v1	0	161493		gneg
chrUn_AABR07024383v1	0	744		gneg
chrUn_AABR07024390v1	0	2896		gneg
chrUn_AABR07024393v1	0	673		gneg
chrUn_AABR07024394v1	0	13714		gneg
chrUn_AABR07024395v1	0	821		gneg
chrUn_AABR07024396v1	0	736		gneg
chrUn_AABR07024397v1	0	2454		gneg
chrUn_AABR07024398v1	0	44505		gneg
chrUn_AABR07024399v1	0	2218		gneg
chrUn_AABR07024421v1	0	97361		gneg
chrUn_AABR07024427v1	0	1529		gneg
chrUn_AABR07024428v1	0	1455		gneg
chrUn_AABR07024432v1	0	579		gneg
chrUn_AABR07024433v1	0	637		gneg
chrUn_KL568167v1	0	11182		gneg
chrUn_KL568168v1	0	2015		gneg
chrUn_KL568169v1	0	21595		gneg
chrUn_KL568170v1	0	12470		gneg
chrUn_KL568171v1	0	2141		gneg
chrUn_KL568172v1	0	2699		gneg
chrUn_KL568173v1	0	11069		gneg
chrUn_KL568174v1	0	12149		gneg
chrUn_KL568175v1	0	1861		gneg
chrUn_KL568176v1	0	21235		gneg
chrUn_KL568177v1	0	5691		gneg
chrUn_KL568178v1	0	2131		gneg
chrUn_KL568179v1	0	8008		gneg
chrUn_KL568180v1	0	7344		gneg
chrUn_KL568181v1	0	1130		gneg
chrUn_KL568182v1	0	1923		gneg
chrUn_KL568183v1	0	3177		gneg
chrUn_KL568184v1	0	1761		gneg
chrUn_KL568185v1	0	34391		gneg
chrUn_KL568186v1	0	4076		gneg
chrUn_KL568187v1	0	34792		gneg
chrUn_KL568188v1	0	2287		gneg
chrUn_KL568189v1	0	1389		gneg
chrUn_KL568190v1	0	11903		gneg
chrUn_KL568191v1	0	33866		gneg
chrUn_KL568192v1	0	3219		gneg
chrUn_KL568193v1	0	31523		gneg
chrUn_KL568194v1	0	2533		gneg
chrUn_KL568195v1	0	5841		gneg
chrUn_KL568196v1	0	29796		gneg
chrUn_KL568197v1	0	6090		gneg
chrUn_KL568198v1	0	15369		gneg
chrUn_KL568199v1	0	12984		gneg
chrUn_KL568200v1	0	5023		gneg
chrUn_KL568201v1	0	5537		gneg
chrUn_KL568202v1	0	7012		gneg
chrUn_KL568203v1	0	1485		gneg
chrUn_KL568204v1	0	1028		gneg
chrUn_KL568205v1	0	2858		gneg
chrUn_KL568206v1	0	795		gneg
chrUn_KL568207v1	0	2985		gneg
chrUn_KL568208v1	0	6280		gneg
chrUn_KL568209v1	0	1619		gneg
chrUn_KL568210v1	0	1709		gneg
chrUn_KL568211v1	0	1424		gneg
chrUn_KL568212v1	0	17641		gneg
chrUn_KL568213v1	0	3120		gneg
chrUn_KL568214v1	0	3273		gneg
chrUn_KL568215v1	0	15161		gneg
chrUn_KL568216v1	0	1404		gneg
chrUn_KL568217v1	0	2047		gneg
chrUn_KL568218v1	0	14221		gneg
chrUn_KL568219v1	0	18520		gneg
chrUn_KL568220v1	0	3003		gneg
chrUn_KL568221v1	0	2110		gneg
chrUn_KL568222v1	0	1709		gneg
chrUn_KL568223v1	0	7105		gneg
chrUn_KL568224v1	0	13776		gneg
chrUn_KL568225v1	0	11178		gneg
chrUn_KL568226v1	0	6062		gneg
chrUn_KL568227v1	0	2774		gneg
chrUn_KL568228v1	0	26706		gneg
chrUn_KL568229v1	0	1413		gneg
chrUn_KL568230v1	0	1324		gneg
chrUn_KL568231v1	0	2132		gneg
chrUn_KL568232v1	0	2600		gneg
chrUn_KL568233v1	0	3210		gneg
chrUn_KL568234v1	0	5584		gneg
chrUn_KL568235v1	0	7064		gneg
chrUn_KL568236v1	0	1497		gneg
chrUn_KL568237v1	0	4201		gneg
chrUn_KL568238v1	0	1101		gneg
chrUn_KL568239v1	0	1652		gneg
chrUn_KL568240v1	0	1765		gneg
chrUn_KL568241v1	0	1994		gneg
chrUn_KL568242v1	0	4688		gneg
chrUn_KL568243v1	0	1724		gneg
chrUn_KL568244v1	0	1998		gneg
chrUn_KL568245v1	0	21811		gneg
chrUn_KL568246v1	0	5769		gneg
chrUn_KL568247v1	0	3663		gneg
chrUn_KL568248v1	0	22287		gneg
chrUn_KL568249v1	0	1218		gneg
chrUn_KL568250v1	0	1250		gneg
chrUn_KL568251v1	0	15341		gneg
chrUn_KL568252v1	0	2198		gneg
chrUn_KL568253v1	0	1810		gneg
chrUn_KL568254v1	0	5473		gneg
chrUn_KL568255v1	0	1519		gneg
chrUn_KL568256v1	0	4854		gneg
chrUn_KL568257v1	0	35119		gneg
chrUn_KL568258v1	0	2384		gneg
chrUn_KL568259v1	0	4341		gneg
chrUn_KL568260v1	0	4168		gneg
chrUn_KL568261v1	0	1528		gneg
chrUn_KL568262v1	0	2018		gneg
chrUn_KL568263v1	0	5941		gneg
chrUn_KL568264v1	0	1570		gneg
chrUn_KL568265v1	0	1130		gneg
chrUn_KL568266v1	0	9310		gneg
chrUn_KL568267v1	0	3782		gneg
chrUn_KL568268v1	0	5463		gneg
chrUn_KL568269v1	0	1156		gneg
chrUn_KL568270v1	0	19998		gneg
chrUn_KL568271v1	0	5328		gneg
chrUn_KL568272v1	0	17134		gneg
chrUn_KL568273v1	0	3880		gneg
chrUn_KL568274v1	0	5820		gneg
chrUn_KL568275v1	0	1066		gneg
chrUn_KL568276v1	0	1684		gneg
chrUn_KL568277v1	0	1370		gneg
chrUn_KL568278v1	0	1760		gneg
chrUn_KL568279v1	0	1061		gneg
chrUn_KL568280v1	0	4786		gneg
chrUn_KL568281v1	0	5240		gneg
chrUn_KL568282v1	0	48841		gneg
chrUn_KL568283v1	0	11645		gneg
chrUn_KL568284v1	0	1512		gneg
chrUn_KL568285v1	0	12244		gneg
chrUn_KL568286v1	0	5311		gneg
chrUn_KL568287v1	0	3520		gneg
chrUn_KL568288v1	0	7455		gneg
chrUn_KL568289v1	0	5072		gneg
chrUn_KL568290v1	0	5288		gneg
chrUn_KL568291v1	0	2924		gneg
chrUn_KL568292v1	0	38332		gneg
chrUn_KL568293v1	0	5847		gneg
chrUn_KL568294v1	0	2680		gneg
chrUn_KL568295v1	0	25592		gneg
chrUn_KL568296v1	0	1127		gneg
chrUn_KL568297v1	0	5492		gneg
chrUn_KL568298v1	0	1200		gneg
chrUn_KL568299v1	0	4870		gneg
chrUn_KL568300v1	0	10110		gneg
chrUn_KL568301v1	0	2759		gneg
chrUn_KL568302v1	0	1571		gneg
chrUn_KL568303v1	0	22032		gneg
chrUn_KL568304v1	0	10256		gneg
chrUn_KL568305v1	0	2760		gneg
chrUn_KL568306v1	0	6288		gneg
chrUn_KL568307v1	0	29238		gneg
chrUn_KL568308v1	0	1740		gneg
chrUn_KL568309v1	0	3422		gneg
chrUn_KL568310v1	0	6164		gneg
chrUn_KL568311v1	0	3190		gneg
chrUn_KL568312v1	0	20693		gneg
chrUn_KL568313v1	0	5919		gneg
chrUn_KL568314v1	0	33342		gneg
chrUn_KL568315v1	0	91871		gneg
chrUn_KL568316v1	0	16204		gneg
chrUn_KL568317v1	0	16248		gneg
chrUn_KL568318v1	0	125475		gneg
chrUn_KL568319v1	0	119946		gneg
chrUn_KL568320v1	0	2745		gneg
chrUn_KL568321v1	0	26605		gneg
chrUn_KL568322v1	0	33480		gneg
chrUn_KL568323v1	0	14207		gneg
chrUn_KL568324v1	0	66040		gneg
chrUn_KL568325v1	0	54929		gneg
chrUn_KL568326v1	0	11525		gneg
chrUn_KL568327v1	0	3635		gneg
chrUn_KL568328v1	0	79909		gneg
chrUn_KL568329v1	0	16490		gneg
chrUn_KL568330v1	0	30684		gneg
chrUn_KL568331v1	0	13633		gneg
chrUn_KL568332v1	0	7699		gneg
chrUn_KL568333v1	0	5195		gneg
chrUn_KL568334v1	0	86017		gneg
chrUn_KL568335v1	0	10099		gneg
chrUn_KL568336v1	0	91174		gneg
chrUn_KL568337v1	0	70310		gneg
chrUn_KL568338v1	0	1318		gneg
chrUn_KL568339v1	0	3656		gneg
chrUn_KL568340v1	0	13915		gneg
chrUn_KL568341v1	0	11068		gneg
chrUn_KL568342v1	0	46249		gneg
chrUn_KL568343v1	0	23983		gneg
chrUn_KL568344v1	0	47276		gneg
chrUn_KL568345v1	0	35857		gneg
chrUn_KL568346v1	0	83525		gneg
chrUn_KL568347v1	0	3871		gneg
chrUn_KL568348v1	0	34944		gneg
chrUn_KL568349v1	0	21578		gneg
chrUn_KL568350v1	0	44681		gneg
chrUn_KL568351v1	0	16017		gneg
chrUn_KL568352v1	0	2296		gneg
chrUn_KL568353v1	0	246307		gneg
chrUn_KL568354v1	0	113311		gneg
chrUn_KL568355v1	0	51892		gneg
chrUn_KL568356v1	0	24824		gneg
chrUn_KL568357v1	0	42088		gneg
chrUn_KL568358v1	0	9478		gneg
chrUn_KL568359v1	0	25619		gneg
chrUn_KL568360v1	0	78647		gneg
chrUn_KL568361v1	0	38115		gneg
chrUn_KL568362v1	0	110326		gneg
chrUn_KL568363v1	0	4501		gneg
chrUn_KL568364v1	0	40094		gneg
chrUn_KL568365v1	0	3788		gneg
chrUn_KL568366v1	0	89457		gneg
chrUn_KL568367v1	0	7294		gneg
chrUn_KL568368v1	0	3026		gneg
chrUn_KL568369v1	0	1310		gneg
chrUn_KL568370v1	0	45784		gneg
chrUn_KL568371v1	0	1945		gneg
chrUn_KL568372v1	0	4252		gneg
chrUn_KL568373v1	0	12016		gneg
chrUn_KL568374v1	0	333641		gneg
chrUn_KL568375v1	0	1421		gneg
chrUn_KL568376v1	0	22589		gneg
chrUn_KL568377v1	0	78358		gneg
chrUn_KL568378v1	0	2442		gneg
chrUn_KL568379v1	0	85300		gneg
chrUn_KL568380v1	0	15687		gneg
chrUn_KL568381v1	0	64584		gneg
chrUn_KL568382v1	0	6932		gneg
chrUn_KL568383v1	0	7756		gneg
chrUn_KL568384v1	0	12708		gneg
chrUn_KL568385v1	0	1647		gneg
chrUn_KL568386v1	0	1285		gneg
chrUn_KL568387v1	0	31396		gneg
chrUn_KL568388v1	0	70933		gneg
chrUn_KL568389v1	0	23929		gneg
chrUn_KL568390v1	0	14001		gneg
chrUn_KL568391v1	0	25619		gneg
chrUn_KL568392v1	0	3563		gneg
chrUn_KL568393v1	0	5972		gneg
chrUn_KL568394v1	0	22601		gneg
chrUn_KL568395v1	0	56177		gneg
chrUn_KL568396v1	0	12101		gneg
chrUn_KL568397v1	0	75068		gneg
chrUn_KL568398v1	0	68568		gneg
chrUn_KL568399v1	0	30444		gneg
chrUn_KL568400v1	0	29228		gneg
chrUn_KL568401v1	0	3168		gneg
chrUn_KL568402v1	0	36615		gneg
chrUn_KL568403v1	0	22089		gneg
chrUn_KL568404v1	0	24694		gneg
chrUn_KL568405v1	0	151075		gneg
chrUn_KL568406v1	0	28554		gneg
chrUn_KL568407v1	0	2094		gneg
chrUn_KL568408v1	0	46319		gneg
chrUn_KL568409v1	0	409149		gneg
chrUn_KL568410v1	0	197620		gneg
chrUn_KL568411v1	0	21210		gneg
chrUn_KL568412v1	0	69990		gneg
chrUn_KL568413v1	0	115560		gneg
chrUn_KL568414v1	0	134730		gneg
chrUn_KL568415v1	0	110043		gneg
chrUn_KL568416v1	0	3052		gneg
chrUn_KL568417v1	0	62095		gneg
chrUn_KL568418v1	0	276968		gneg
chrUn_KL568419v1	0	82153		gneg
chrUn_KL568420v1	0	33038		gneg
chrUn_KL568421v1	0	106580		gneg
chrUn_KL568422v1	0	1106		gneg
chrUn_KL568423v1	0	57880		gneg
chrUn_KL568424v1	0	52566		gneg
chrUn_KL568425v1	0	11782		gneg
chrUn_KL568426v1	0	2831		gneg
chrUn_KL568427v1	0	24952		gneg
chrUn_KL568428v1	0	15511		gneg
chrUn_KL568429v1	0	1681		gneg
chrUn_KL568430v1	0	55205		gneg
chrUn_KL568431v1	0	45117		gneg
chrUn_KL568432v1	0	170578		gneg
chrUn_KL568433v1	0	51123		gneg
chrUn_KL568434v1	0	100599		gneg
chrUn_KL568435v1	0	2121		gneg
chrUn_KL568436v1	0	32325		gneg
chrUn_KL568437v1	0	13579		gneg
chrUn_KL568438v1	0	140435		gneg
chrUn_KL568439v1	0	31478		gneg
chrUn_KL568440v1	0	62701		gneg
chrUn_KL568441v1	0	15269		gneg
chrUn_KL568442v1	0	35498		gneg
chrUn_KL568443v1	0	61029		gneg
chrUn_KL568444v1	0	3439		gneg
chrUn_KL568445v1	0	55656		gneg
chrUn_KL568446v1	0	122070		gneg
chrUn_KL568447v1	0	122693		gneg
chrUn_KL568448v1	0	11863		gneg
chrUn_KL568449v1	0	148379		gneg
chrUn_KL568450v1	0	81653		gneg
chrUn_KL568451v1	0	259454		gneg
chrUn_KL568452v1	0	36554		gneg
chrUn_KL568453v1	0	56678		gneg
chrUn_KL568454v1	0	75706		gneg
chrUn_KL568455v1	0	11965		gneg
chrUn_KL568456v1	0	12647		gneg
chrUn_KL568457v1	0	30706		gneg
chrUn_KL568458v1	0	179901		gneg
chrUn_KL568459v1	0	3288		gneg
chrUn_KL568460v1	0	96610		gneg
chrUn_KL568461v1	0	43373		gneg
chrUn_KL568462v1	0	47307		gneg
chrUn_KL568463v1	0	78222		gneg
chrUn_KL568464v1	0	65989		gneg
chrUn_KL568465v1	0	161686		gneg
chrUn_KL568466v1	0	44605		gneg
chrUn_KL568467v1	0	46639		gneg
chrUn_KL568468v1	0	117679		gneg
chrUn_KL568469v1	0	5093		gneg
chrUn_KL568470v1	0	78834		gneg
chrUn_KL568471v1	0	37571		gneg
chrUn_KL568472v1	0	45419		gneg
chrUn_KL568473v1	0	555557		gneg
chrUn_KL568474v1	0	20991		gneg
chrUn_KL568475v1	0	29518		gneg
chrUn_KL568476v1	0	14444		gneg
chrUn_KL568477v1	0	79564		gneg
chrUn_KL568478v1	0	23222		gneg
chrUn_KL568479v1	0	38297		gneg
chrUn_KL568480v1	0	41802		gneg
chrUn_KL568481v1	0	30624		gneg
chrUn_KL568482v1	0	97190		gneg
chrUn_KL568483v1	0	36071		gneg
chrUn_KL568484v1	0	11932		gneg
chrUn_KL568485v1	0	27645		gneg
chrUn_KL568486v1	0	15907		gneg
chrUn_KL568487v1	0	150036		gneg
chrUn_KL568488v1	0	23475		gneg
chrUn_KL568489v1	0	1590		gneg
chrUn_KL568490v1	0	23674		gneg
chrUn_KL568491v1	0	2344		gneg
chrUn_KL568492v1	0	21680		gneg
chrUn_KL568493v1	0	6345		gneg
chrUn_KL568494v1	0	1167		gneg
chrUn_KL568495v1	0	11737		gneg
chrUn_KL568496v1	0	3657		gneg
chrUn_KL568497v1	0	4939		gneg
chrUn_KL568498v1	0	13834		gneg
chrUn_KL568499v1	0	13135		gneg
chrUn_KL568500v1	0	1783		gneg
chrUn_KL568501v1	0	1397		gneg
chrUn_KL568502v1	0	1892		gneg
chrUn_KL568503v1	0	2826		gneg
chrUn_KL568504v1	0	1296		gneg
chrUn_KL568505v1	0	11671		gneg
chrUn_KL568506v1	0	1171		gneg
chrUn_KL568507v1	0	24931		gneg
chrUn_KL568508v1	0	1166		gneg
chrUn_KL568509v1	0	2750		gneg
chrUn_KL568510v1	0	37283		gneg
chrUn_KL568511v1	0	24582		gneg
chrUn_KL568512v1	0	23752		gneg
chrUn_KL568513v1	0	4908		gneg
chrUn_KL568514v1	0	11876		gneg
chrUn_KL568515v1	0	2232		gneg
chrUn_KL568516v1	0	5687		gneg
chrUn_KL568517v1	0	13491		gneg
chrUn_KL568518v1	0	5301		gneg
chrX	0	7703212	q11	gvar
chrX	7703212	21440605	q12	gneg
chrX	21440605	29657364	q13	gpos
chrX	29657364	39286378	q14	gneg
chrX	39286378	59314727	q21	gpos
chrX	59314727	80883718	q22	gneg
chrX	80883718	100526907	q31	gpos
chrX	100526907	111953337	q32	gneg
chrX	111953337	115163008	q33	gpos
chrX	115163008	121967512	q34	gneg
chrX	121967512	134806197	q35	gpos
chrX	134806197	148543591	q36	gneg
chrX	148543591	159970021	q37	gpos
chrX_AABR07045681v1_random	0	712		gneg
chrX_AABR07045688v1_random	0	2649		gneg
chrX_AABR07045689v1_random	0	3045		gneg
chrX_AABR07045742v1_random	0	766		gneg
chrX_AABR07045743v1_random	0	702		gneg
chrX_AABR07045766v1_random	0	2378		gneg
chrX_AABR07045776v1_random	0	2721		gneg
chrX_KL568111v1_random	0	17895		gneg
chrX_KL568112v1_random	0	9469		gneg
chrX_KL568113v1_random	0	17247		gneg
chrX_KL568114v1_random	0	49370		gneg
chrX_KL568115v1_random	0	1634		gneg
chrX_KL568116v1_random	0	40570		gneg
chrX_KL568117v1_random	0	13665		gneg
chrX_KL568118v1_random	0	42845		gneg
chrX_KL568119v1_random	0	655		gneg
chrX_KL568120v1_random	0	4293		gneg
chrX_KL568121v1_random	0	14896		gneg
chrX_KL568122v1_random	0	32860		gneg
chrX_KL568123v1_random	0	4208		gneg
chrX_KL568124v1_random	0	3436		gneg
chrX_KL568125v1_random	0	72847		gneg
chrX_KL568126v1_random	0	69551		gneg
chrX_KL568127v1_random	0	9581		gneg
chrX_KL568128v1_random	0	5682		gneg
chrX_KL568129v1_random	0	22842		gneg
chrX_KL568130v1_random	0	29690		gneg
chrX_KL568131v1_random	0	13600		gneg
chrX_KL568132v1_random	0	13907		gneg
chrX_KL568133v1_random	0	29461		gneg
chrX_KL568134v1_random	0	31813		gneg
chrX_KL568135v1_random	0	16979		gneg
chrX_KL568136v1_random	0	41179		gneg
chrX_KL568137v1_random	0	47458		gneg
chrX_KL568138v1_random	0	4289		gneg
chrY	0	2482843	q11	gpos
chrY	2482843	3310458	q12	gneg
chrY_KL568139v1_random	0	9752924		gneg
chrY_KL568140v1_random	0	1351663		gneg
chrY_KL568141v1_random	0	2733323		gneg
chrY_KL568142v1_random	0	332284		gneg
chrY_KL568143v1_random	0	343819		gneg
chrY_KL568144v1_random	0	209128		gneg
chrY_KL568145v1_random	0	180016		gneg
chrY_KL568146v1_random	0	122062		gneg
chrY_KL568147v1_random	0	464092		gneg
chrY_KL568148v1_random	0	6483517		gneg
chrY_KL568149v1_random	0	3292674		gneg
chrY_KL568150v1_random	0	866433		gneg
chrY_KL568151v1_random	0	3931032		gneg
chrY_KL568152v1_random	0	1069101		gneg
chrY_KL568153v1_random	0	239643		gneg
chrY_KL568154v1_random	0	215559		gneg
chrY_KL568155v1_random	0	1365599		gneg
chrY_KL568156v1_random	0	2193381		gneg
chrY_KL568157v1_random	0	5447879		gneg
chrY_KL568158v1_random	0	1284477		gneg
chrY_KL568159v1_random	0	1977169		gneg
chrY_KL568160v1_random	0	4317250		gneg
chrY_KL568161v1_random	0	7627431		gneg
chrY_KL568162v1_random	0	10937627		gneg
chrY_KL568163v1_random	0	753291		gneg
chrY_KL568164v1_random	0	1009277		gneg
chrY_KL568165v1_random	0	398163		gneg
chrY_KL568166v1_random	0	188438		gneg
